{
  "project_info": {
    "project_number": "749887342134",
    "firebase_url": "https://sample-dbf1f.firebaseio.com",
    "project_id": "sample-dbf1f",
    "storage_bucket": "sample-dbf1f.appspot.com"
  },
  "client": [
    {
      "client_info": {
        "mobilesdk_app_id": "1:749887342134:android:60abcd41f1f86066",
        "android_client_info": {
          "package_name": "com.example.jolteon.farm"
        }
      },
      "oauth_client": [
        {
          "client_id": "749887342134-edn0ctvcpfsaoolp5a1dboq58ge85cfc.apps.googleusercontent.com",
          "client_type": 3
        }
      ],
      "api_key": [
        {
          "current_key": "AIzaSyBxJbbVmypKoX-L9EIuCVBvFvkj9d-oiM4"
        }
      ],
      "services": {
        "analytics_service": {
          "status": 1
        },
        "appinvite_service": {
          "status": 1,
          "other_platform_oauth_client": []
        },
        "ads_service": {
          "status": 2
        }
      }
    },
    {
      "client_info": {
        "mobilesdk_app_id": "1:749887342134:android:24abed5e678420d1",
        "android_client_info": {
          "package_name": "com.example.jolteon.test2"
        }
      },
      "oauth_client": [
        {
          "client_id": "749887342134-fhcr7dcfhsai9sbuuv0601achj46cqd3.apps.googleusercontent.com",
          "client_type": 1,
          "android_info": {
            "package_name": "com.example.jolteon.test2",
            "certificate_hash": "2fec09f248a0ca572d7e2bc55622858aedeef152"
          }
        },
        {
          "client_id": "749887342134-edn0ctvcpfsaoolp5a1dboq58ge85cfc.apps.googleusercontent.com",
          "client_type": 3
        }
      ],
      "api_key": [
        {
          "current_key": "AIzaSyBxJbbVmypKoX-L9EIuCVBvFvkj9d-oiM4"
        }
      ],
      "services": {
        "analytics_service": {
          "status": 1
        },
        "appinvite_service": {
          "status": 2,
          "other_platform_oauth_client": [
            {
              "client_id": "749887342134-edn0ctvcpfsaoolp5a1dboq58ge85cfc.apps.googleusercontent.com",
              "client_type": 3
            }
          ]
        },
        "ads_service": {
          "status": 2
        }
      }
    }
  ],
  "configuration_version": "1"
}